"country","continent","lifeExp","pop","gdpPercap"
"Afghanistan","Asia",43.828,31889923,974.5803384
"Albania","Europe",76.423,3600523,5937.029526
"Algeria","Africa",72.301,33333216,6223.367465
"Angola","Africa",42.731,12420476,4797.231267
"Argentina","Americas",75.32,40301927,12779.37964
"Australia","Oceania",81.235,20434176,34435.36744
Alabama,US,0.0,226006.0,7815.0
Alaska,US,0.0,13074.0,348.0
Alberta,Canada,0.0,147283.0,2641.0
